{
  "height": 25,
  "stdout": [
    [
      0.28947,
      "\u001b]0;smetana@x99: /home/smetana/projects/example\u0007"
    ],
    [
      0.000123,
      "\u001b[0;36msmetana\u001b[1;37m@\u001b[1;34mx99\u001b[1;37m:\u001b[1;33m~/projects/example>\u001b[0m"
    ],
    [
      1.375629,
      "\u001b[H\u001b[2J\u001b[0;36msmetana\u001b[1;37m@\u001b[1;34mx99\u001b[1;37m:\u001b[1;33m~/projects/example>\u001b[0m"
    ],
    [
      1.647814,
      "#"
    ],
    [
      0.312011,
      " "
    ],
    [
      0.808004,
      "I"
    ],
    [
      0.295901,
      "n"
    ],
    [
      0.207983,
      "s"
    ],
    [
      0.160017,
      "t"
    ],
    [
      0.160014,
      "a"
    ],
    [
      0.223982,
      "l"
    ],
    [
      0.175957,
      "l"
    ],
    [
      0.120013,
      "a"
    ],
    [
      0.207946,
      "t"
    ],
    [
      0.128094,
      "i"
    ],
    [
      0.103855,
      "o"
    ],
    [
      0.128109,
      "n"
    ],
    [
      0.535981,
      "\r\n"
    ],
    [
      0.000773,
      "\u001b]0;smetana@x99: /home/smetana/projects/example\u0007"
    ],
    [
      0.000346,
      "\u001b[0;36msmetana\u001b[1;37m@\u001b[1;34mx99\u001b[1;37m:\u001b[1;33m~/projects/example>\u001b[0m"
    ],
    [
      1.983214,
      "v"
    ],
    [
      0.111704,
      "i"
    ],
    [
      0.088112,
      "m"
    ],
    [
      0.344119,
      " "
    ],
    [
      0.343904,
      "G"
    ],
    [
      0.231967,
      "e"
    ],
    [
      0.214164,
      "mfile "
    ],
    [
      0.618196,
      "\r\n"
    ],
    [
      0.149249,
      "\u001b[?1000h\u001b[?1049h\u001b[?1h\u001b=\u001b[2;1H▽\u001b[6n\u001b[2;1H  \u001b[1;1H"
    ],
    [
      0.000615,
      "\u001b[1;25r\u001b[?12;25h\u001b[?12l\u001b[?25h\u001b[27m\u001b[23m\u001b[m\u001b[38;5;246m\u001b[H\u001b[2J\u001b[>c"
    ],
    [
      0.001017,
      "\u001b[?25l\u001b[2;1H\u001b[38;5;246m~                                                                                                                                                \u001b[3;1H~                                                                                                                                                \u001b[4;1H~                                                                                                                                                \u001b[5;1H~                                                                                                                                                \u001b[6;1H~                                                                                                                                                \u001b[7;1H~                                                                                                                                                \u001b[8;1H~                                                                                              "
    ],
    [
      3.1e-05,
      "                                                  \u001b[9;1H~                                                                                                                                                \u001b[10;1H~                                                                                                                                                \u001b[11;1H~                                                                                                                                                \u001b[12;1H~                                                                                                                                                \u001b[13;1H~                                                                                                                                                \u001b[14;1H~                                                                                                                                                \u001b[15;1H~                                                      "
    ],
    [
      2.8e-05,
      "                                                                                          \u001b[16;1H~                                                                                                                                                \u001b[17;1H~                                                                                                                                                \u001b[18;1H~                                                                                                                                                \u001b[19;1H~                                                                                                                                                \u001b[20;1H~                                                                                                                                                \u001b[21;1H~                                                                                                                                                \u001b[22;1H~              "
    ],
    [
      2.9e-05,
      "                                                                                                                                  \u001b[23;1H~                                                                                                                                                \u001b[m\u001b[38;5;246m\u001b[24;1H\u001b[38;5;255m\u001b[48;5;233m[No Name]                                                                                             0 0x0 0,0-1 format=unix file= enc=utf-8 All\u001b[m\u001b[38;5;246m\u001b[6;65HVIM - Vi IMproved\u001b[8;65Hversion 7.4.1689\u001b[9;61Hby Bram Moolenaar et al.\u001b[10;46HModified by pkg-vim-maintainers@lists.alioth.debian.org\u001b[11;52HVim is open source and freely distributable\u001b[13;59HBecome a registered Vim user!\u001b[14;50Htype  :help register\u001b[38;5;81m<Enter>\u001b[m\u001b[38;5;246m   for information \u001b[16;50Htype  :q\u001b[38;5;81m<Enter>\u001b[m\u001b[38;5;246m               to exit         \u001b[17;50Htype  :help\u001b[38;5;81m<Enter>\u001b[m\u001b[38;5;246m  or  \u001b[38;5;81m<F1>\u001b[m\u001b[38;5;246m  for on-line help\u001b[18;50Htype  :help version7\u001b[38;5;81m<Enter>"
    ],
    [
      0.000134,
      "\u001b[m\u001b[38;5;246m   for version info\u001b]2;[No Name] - VIM\u0007"
    ],
    [
      7.4e-05,
      "\u001b]1;[No Name]\u0007"
    ],
    [
      6.3e-05,
      "\u001b[1;1H\u001b[?12l\u001b[?25h\u001b[?25l\u001b[25;1H:"
    ],
    [
      1.6e-05,
      "cd /home/smetana/projects/example\r"
    ],
    [
      0.0001,
      "\u001b[6;65H\u001b[38;5;246m                 \u001b[8;65H                \u001b[9;61H                        \u001b[10;46H                                                       \u001b[11;52H                                           \u001b[13;59H                             \u001b[14;50H                                              \u001b[16;50H                                              \u001b[17;50H                                              \u001b[18;50H                                              \u001b[1;1H\u001b[?12l\u001b[?25h\u001b[?25l\u001b[m\u001b[38;5;246m\u001b[25;1H\u001b[K\u001b[25;1H:"
    ],
    [
      6.9e-05,
      "if exists('*inputsave')|call inputsave()|endif|drop Gemfile|if exists('*inputrestore')|call inputrestore()|endif\r"
    ],
    [
      0.000415,
      "\"Gemfile\" \u001b[25;11H\u001b[K\u001b[25;11H3L, 47C"
    ],
    [
      0.003283,
      "\u001b[?1000l"
    ],
    [
      0.005227,
      "^[[2;2R^[[>1;4205;0c"
    ],
    [
      0.126465,
      "\u001b[?1000h"
    ],
    [
      0.000149,
      "\u001b]2;[No Name] - VIM\u0007\u001b]1;[No Name]\u0007"
    ],
    [
      0.007862,
